Strategy,Annual Return,Sharpe Ratio,Max Drawdown
EqualWeight,0.13376376716388078,0.8367672090178445,-0.24964573612552707
MinVariance,0.05274580170173191,0.43571149353193545,-0.21890411288243483
Momentum,0.17244667640996855,0.9222116352952676,-0.2953713317602331
AGESH,0.2534523062823673,0.8881677042356019,-0.3862872754184961
